{"Sat Sep  4 13:48:17 2021":{"customer_id":12555475,"product id":12200100,"name":"Green Tea","quantity":3,"total price":420},"Mon Sep  6 19:21:38 2021":{"customer_id":5281757,"product id":12200115,"name":"Skyloft","quantity":3,"total price":384.0},"Mon Sep  6 19:21:48 2021":{"customer_id":5281757,"product id":12200141,"name":"Maggi","quantity":3,"total price":34.199999999999996},"Mon Sep  6 19:22:34 2021":{"customer_id":5281757,"product id":12200103,"name":"Thumbs Up","quantity":5,"total price":150.0},"Mon Sep  6 19:26:27 2021":{"customer_id":5561846,"product id":12200142,"name":"Fanta","quantity":5,"total price":213.75},"Mon Sep  6 19:28:47 2021":{"customer_id":2293675,"product id":12200126,"name":"CRAX Corn Rings","quantity":3,"total price":70.5},"Mon Sep  6 19:28:56 2021":{"customer_id":2293675,"product id":12200131,"name":"Patanjali Biscuit","quantity":5,"total price":25.0},"Mon Sep  6 19:29:08 2021":{"customer_id":2293675,"product id":12200104,"name":"Sprite","quantity":6,"total price":450.0},"Mon Sep  6 19:29:22 2021":{"customer_id":2293675,"product id":12200109,"name":"KitKat","quantity":4,"total price":838.0},"Mon Sep  6 19:33:24 2021":{"customer_id":5116602,"product id":12200143,"name":"Kiss Me","quantity":3,"total price":30.0},"Mon Sep  6 19:35:07 2021":{"customer_id":9068606,"product id":12200141,"name":"Maggi","quantity":3,"total price":34.199999999999996},"Mon Sep  6 19:35:28 2021":{"customer_id":9068606,"product id":12200130,"name":"Priya Gold","quantity":5,"total price":69.3},"Mon Sep  6 19:41:40 2021":{"customer_id":5157355,"product id":12200123,"name":"Haldiram Punjabi Tarka","quantity":5,"total price":157.49999999999997},"Mon Sep  6 19:42:28 2021":{"customer_id":5157355,"product id":12200100,"name":"Green Tea","quantity":5,"total price":700.0},"Mon Sep  6 19:42:37 2021":{"customer_id":5157355,"product id":12200136,"name":"Pillsbury Biscuit","quantity":3,"total price":30.0},"Mon Sep  6 19:43:15 2021":{"customer_id":1805442,"product id":12200133,"name":"Cadbury Oreo","quantity":5,"total price":96.0},"Mon Sep  6 19:43:54 2021":{"customer_id":1805442,"product id":12200124,"name":"Haldiram Nimbu Masala","quantity":0,"total price":0.0},"Mon Sep  6 19:44:06 2021":{"customer_id":1805442,"product id":12200111,"name":"Amul Dark","quantity":1,"total price":100.0},"Mon Sep  6 19:44:15 2021":{"customer_id":1805442,"product id":12200137,"name":"Nature Valley ","quantity":9,"total price":126.0},"Mon Sep  6 19:44:23 2021":{"customer_id":1805442,"product id":12200112,"name":"Snickers","quantity":4,"total price":1792.0},"Mon Sep  6 19:45:07 2021":{"customer_id":5242073,"product id":12200143,"name":"Kiss Me","quantity":4,"total price":40.0},"Mon Sep  6 19:45:15 2021":{"customer_id":5242073,"product id":12200108,"name":"Maaza","quantity":5,"total price":247.5},"Mon Sep  6 19:45:22 2021":{"customer_id":5242073,"product id":12200124,"name":"Haldiram Nimbu Masala","quantity":6,"total price":180.0},"Mon Sep  6 19:45:35 2021":{"customer_id":5242073,"product id":12200136,"name":"Pillsbury Biscuit","quantity":2,"total price":20.0},"Mon Sep  6 19:45:42 2021":{"customer_id":5242073,"product id":12200104,"name":"Sprite","quantity":2,"total price":150.0},"Mon Sep  6 19:45:52 2021":{"customer_id":5242073,"product id":12200103,"name":"Thumbs Up","quantity":1,"total price":30.0},"Mon Sep  6 19:47:01 2021":{"customer_id":4531736,"product id":12200140,"name":"Anmol","quantity":2,"total price":24.0},"Mon Sep  6 19:47:09 2021":{"customer_id":4531736,"product id":12200111,"name":"Amul Dark","quantity":2,"total price":200.0},"Mon Sep  6 19:47:18 2021":{"customer_id":4531736,"product id":12200136,"name":"Pillsbury Biscuit","quantity":4,"total price":40.0},"Mon Sep  6 19:47:27 2021":{"customer_id":4531736,"product id":12200124,"name":"Haldiram Nimbu Masala","quantity":4,"total price":120.0}}